Precision,Accuracy,Recall,F1,Random Search Time,Train Time,Inference Time
0.7030981582173121,0.8605499309916026,0.760745215887642,0.730786598655442,2125.069721221924,60.571226596832275,0.7287602424621582
0.0,0.7512039921641308,0.0,0.0,0.0,0.0,0.0
