Precision,Accuracy,Recall,F1,Random Search Time,Train Time,Inference Time
0.7069485869271371,0.8626592667865238,0.7651605816482913,0.7349036382839287,3104.2220764160156,74.54117584228516,8.933349370956421
0.0,0.7512039921641308,0.0,0.0,0.0,0.0,0.0
