Precision,Accuracy,Recall,F1,Random Search Time,Train Time,Inference Time
0.7131104525874101,0.8650920141799875,0.7658728921485155,0.738550527547655,1243.2489256858826,35.04878306388855,1.3302006721496582
0.0,0.7512039921641308,0.0,0.0,0.0,0.0,0.0
